{
  "generatedAt": "2026-06-01T16:46:01.6410647Z",
  "sourceCount": 2,
  "items": {
    "USDBRL": {
      "value": 5.0578,
      "pctChange": 0.120749
    },
    "EURBRL": {
      "value": 5.89623,
      "pctChange": 0.294714
    },
    "BTCBRL": {
      "value": 369919,
      "pctChange": -0.065
    }
  }
}
